timestamp,cpu_usage,memory_usage,request_rate,latency_ms,error_rate
2025-07-01 00:00:00,42.446266366254974,1664.081410662665,353.90223582698616,189.6289893999722,0
2025-07-01 00:01:00,43.403464481152504,1650.7990896204112,324.66943691153983,177.49042249930667,0
2025-07-01 00:02:00,47.271776128479246,1615.3291251144933,363.3719353733605,193.75707403720133,0
2025-07-01 00:03:00,35.938498014208065,1848.6619162140714,367.86104870435065,161.50278676896323,0
2025-07-01 00:04:00,37.81859442861529,1654.5402994940741,345.7684573538075,171.89989831334148,0
2025-07-01 00:05:00,41.421622108058386,1598.7937399727277,336.9096825118536,139.76294072870215,0
2025-07-01 00:06:00,45.90202487124271,1775.0349396105605,359.8913212938915,128.4573748481325,0
2025-07-01 00:07:00,46.12931322765237,1695.6083615915109,341.58054987627696,156.77170463756565,0
2025-07-01 00:08:00,42.550331359831304,1888.968977640293,375.7215219094849,155.61417382866878,1
2025-07-01 00:09:00,41.18238840273119,1643.39393145264,315.05870997589574,111.82013005753168,0
2025-07-01 00:10:00,34.000077394136135,1541.4033399003645,325.62445214321446,148.40687553237672,0
2025-07-01 00:11:00,43.62033578733407,1618.3142631302694,326.19767200900424,118.86036238858205,0
2025-07-01 00:12:00,40.1819393360693,1614.4891124839396,299.36175593351163,150.77184869322815,0
2025-07-01 00:13:00,40.01674333098619,1565.332182368858,307.94379491890845,135.09235962703656,0
2025-07-01 00:14:00,43.31447533571211,1649.341188219787,370.8965033292803,177.64362871794873,0
2025-07-01 00:15:00,45.44685757612502,1855.9766006260775,362.7010343287103,123.93606094280095,0
2025-07-01 00:16:00,41.92641985589827,1753.2991747328656,347.016173334144,141.15754607609801,0
2025-07-01 00:17:00,53.04868572172884,1870.293162158602,390.21783085353644,145.8807884602726,0
2025-07-01 00:18:00,44.31673239461492,1672.5892131308506,331.02627777758187,143.3644734956558,0
2025-07-01 00:19:00,42.697820233137314,1828.9803121987813,378.0747987139094,153.54194031751675,0
2025-07-01 00:20:00,45.25884704866413,1652.8467463706431,337.44307388406736,145.38471505880233,0
2025-07-01 00:21:00,53.878580994364754,1556.4033154798547,371.87435819061994,170.1522627180604,1
2025-07-01 00:22:00,45.46076697975553,1764.8007815293304,376.93025580864713,158.40800431923864,0
2025-07-01 00:23:00,47.8179190820854,1668.0869773900727,347.4083490865857,156.37009266836884,0
2025-07-01 00:24:00,39.79394317238424,2008.869803367118,388.94803533851734,184.2848907354545,0
2025-07-01 00:25:00,44.07729581160284,1619.8706412942297,368.2288164339025,140.76228005254552,0
2025-07-01 00:26:00,46.296650345794106,1821.1626574908244,332.8097368030903,165.84732919734364,0
2025-07-01 00:27:00,47.40508809807778,1670.2013422490822,341.26917041230223,167.77729195676366,0
2025-07-01 00:28:00,44.89235393937131,1617.3127266870035,325.8115162835804,129.2047434778703,0
2025-07-01 00:29:00,41.50473602991476,1539.2378119949415,320.58255788962254,126.16833204491871,0
2025-07-01 00:30:00,51.58929991272145,1775.4034392006529,353.6418963891875,146.89104819495776,0
2025-07-01 00:31:00,54.928228547513825,1744.6258948429477,395.82200511798453,160.32269188487928,0
2025-07-01 00:32:00,46.045821182777,1752.0977549409997,350.3376095157017,167.7198989653662,0
2025-07-01 00:33:00,47.80059231528225,1534.5263799215925,306.82176515063446,137.93656027272112,0
2025-07-01 00:34:00,47.06662176896369,1934.9994921822965,382.93129375487547,154.49469528679066,0
2025-07-01 00:35:00,48.167673889801435,1761.9166909756655,345.82364431602684,137.16440654928837,0
2025-07-01 00:36:00,39.549820908012784,1543.2170773464509,339.02498633476876,179.7541265721212,0
2025-07-01 00:37:00,36.80135722858852,1806.9659278813624,344.0011694190225,129.64502047031675,0
2025-07-01 00:38:00,39.62133323777777,1721.5892397808238,339.10830434590287,131.67442591326142,0
2025-07-01 00:39:00,46.30221770007661,1748.3502818003917,337.30668204971914,153.5104528043624,0
2025-07-01 00:40:00,43.292301365073676,1737.0543698300016,353.62235609946123,182.65524305678923,0
2025-07-01 00:41:00,39.88346524983701,1764.8173904504604,379.0917390376506,135.28041184263884,1
2025-07-01 00:42:00,45.99703301688559,1686.576499517734,307.28684040692866,125.51355107102331,0
2025-07-01 00:43:00,52.4481419158372,1718.4960291193195,372.5987243345638,185.46450608890544,0
2025-07-01 00:44:00,54.99605535916443,1686.6889509839887,376.35102264048163,176.26927698539012,0
2025-07-01 00:45:00,56.032036386038264,1712.5929689196598,382.11534539108186,164.43070200216522,0
2025-07-01 00:46:00,40.01601700799852,1680.2201389241798,355.3047679492683,164.6182871555536,0
2025-07-01 00:47:00,45.167430538610205,1791.216996188102,356.25736850487453,191.6758606233007,0
2025-07-01 00:48:00,50.80258659470897,1867.919399801979,356.3776239667046,155.42462653339663,0
2025-07-01 00:49:00,45.58487007565668,1693.6385577732979,351.6339475958463,157.77365183488206,0
2025-07-01 00:50:00,39.49622934509876,1620.6429089709247,292.6864572695821,121.60415937799672,0
2025-07-01 00:51:00,42.035754544511775,1633.4719221141515,409.88640659142186,169.1928398992388,0
2025-07-01 00:52:00,49.46440917900461,1797.2082520745648,353.00514384928636,134.28558466812498,0
2025-07-01 00:53:00,48.28751786604329,1672.8895741221775,332.11622061451897,158.211380459692,0
2025-07-01 00:54:00,46.88382085459801,1760.9064599343012,342.84907849334695,174.35563090584776,0
2025-07-01 00:55:00,48.92809530688947,1569.335950792602,346.37907161900483,148.39039079952983,0
2025-07-01 00:56:00,46.8722769553512,1916.1531248073745,365.88625198593974,169.6994142027017,0
2025-07-01 00:57:00,42.01731581457783,1836.088804897956,356.707786765411,168.63090054594454,0
2025-07-01 00:58:00,49.226279464788064,1669.1346759317955,339.9199829998917,179.8793427689275,0
2025-07-01 00:59:00,49.495727077192356,1767.4298516287665,353.09556705679415,138.54405691516706,0
2025-07-01 01:00:00,47.756399556768116,1685.0940510184273,395.36259578791095,152.4410878553578,0
2025-07-01 01:01:00,52.054667587958065,1825.083279135674,382.92903782948747,174.1244465518594,0
2025-07-01 01:02:00,51.345068861041305,1719.247277677549,393.13968152777625,149.65242268098402,0
2025-07-01 01:03:00,39.666805311613636,1698.820049771808,389.25880740792127,204.50747868135682,0
2025-07-01 01:04:00,44.340820694961344,1719.0831562828118,401.1537404304085,134.27869227024397,0
2025-07-01 01:05:00,49.68542591242695,1984.723491693178,414.9955979498521,209.4085938588842,0
2025-07-01 01:06:00,40.12720095199624,1683.3321701049156,391.6714888490754,137.49186558781415,0
2025-07-01 01:07:00,42.468144773903546,1911.6826023585722,392.61432359329893,179.83024597610347,0
2025-07-01 01:08:00,51.60888825538551,1869.9152694399804,388.0075254976287,198.67176929861836,0
2025-07-01 01:09:00,52.69902751344149,1935.5839244183512,359.8192594073275,157.18672782863166,1
2025-07-01 01:10:00,39.734138224972305,1871.454435534275,405.285230480248,177.93307795461558,0
2025-07-01 01:11:00,54.638217649092496,1682.8684548759065,412.70008586875986,184.17646237867075,0
2025-07-01 01:12:00,45.963847074391616,1839.3440275510422,389.3597287554487,140.20875456509356,0
2025-07-01 01:13:00,47.02675989178498,1876.8604385105468,431.62197566908253,165.3533289459406,1
2025-07-01 01:14:00,47.88011135404283,1922.6647904732176,426.78047378962475,143.96330538895705,0
2025-07-01 01:15:00,34.38924410760882,1687.9368915080347,405.8644497314131,165.4454598812021,0
2025-07-01 01:16:00,49.708286849669314,1798.029511220618,393.1158207114933,133.14021139171695,0
2025-07-01 01:17:00,52.68189525475755,1642.7357875448995,415.28806310233637,121.73092321952285,0
2025-07-01 01:18:00,49.900339712483,1744.4356544990085,410.42966119924444,158.5516602526569,0
2025-07-01 01:19:00,43.95911459343018,1790.8885778486226,401.98834889670246,145.20125669999783,0
2025-07-01 01:20:00,41.77238456287662,1629.7178142618852,382.27762377859517,147.05344761213922,1
2025-07-01 01:21:00,57.659913491378646,1989.9140799534323,429.8446371984755,183.12532802456292,0
2025-07-01 01:22:00,45.857859106385796,1756.9148080223722,410.0530759661881,157.23493897157027,0
2025-07-01 01:23:00,50.949423520642426,1930.2657882248072,431.22406096410475,182.28723839472116,0
2025-07-01 01:24:00,55.892471897765624,1723.5782524838867,383.6344019676324,177.5828790185285,0
2025-07-01 01:25:00,44.92845780082241,1878.7847556115785,398.81510565232395,133.63893094607351,0
2025-07-01 01:26:00,53.20875555536688,1805.416620915851,390.82109335832735,182.8145737015625,0
2025-07-01 01:27:00,54.45062409034808,1933.1150163224215,418.19866968774545,185.21561196142588,0
2025-07-01 01:28:00,43.128630886408104,2175.3805306084732,422.8695855467051,182.8494754378061,0
2025-07-01 01:29:00,56.24134587185826,2135.5097033834127,432.71147522881677,192.41043443079948,0
2025-07-01 01:30:00,52.03699456466399,1922.186271929466,397.4261504581634,143.79828336707715,0
2025-07-01 01:31:00,48.75153016806488,1790.7534214091647,385.09216487123825,158.01013822465632,0
2025-07-01 01:32:00,47.6336517902022,1911.7205730129829,380.39056063118943,160.36551537288503,0
2025-07-01 01:33:00,52.166438205434886,1755.3341982498341,366.5105019243656,143.5209330381473,0
2025-07-01 01:34:00,42.13720901268471,1711.8926570768153,375.82453494030125,120.39876759566462,0
2025-07-01 01:35:00,51.23796114335685,1804.3209198294414,417.1630133413362,176.1649508528625,0
2025-07-01 01:36:00,40.86358932922687,1748.724098602796,360.6870136280733,158.08490410453408,0
2025-07-01 01:37:00,47.71204149123942,1687.0465289070746,393.8494942429109,130.7787745268466,0
2025-07-01 01:38:00,45.731726861718855,1816.362361218549,406.7170610654843,192.7941296599609,0
2025-07-01 01:39:00,55.18832400959599,1767.9685324300483,429.2340273929246,161.13447075869072,0
2025-07-01 01:40:00,50.58750915660819,1716.3422710131879,400.52390460634615,182.11900940668136,0
2025-07-01 01:41:00,47.18729400821131,1609.5710435597703,391.9971772371915,143.9982820269213,0
2025-07-01 01:42:00,77.3430224504869,2560.844375178237,810.5935954971565,238.43218895926694,0
2025-07-01 01:43:00,50.29889419799696,1917.3029764944151,383.63106052824776,168.1354624984412,0
2025-07-01 01:44:00,72.77449369703409,2473.2418005974796,796.3289758629521,228.2786700836713,0
2025-07-01 01:45:00,55.297866553323814,1842.9146151983698,412.22918782131023,88.18313327669489,0
2025-07-01 01:46:00,60.2879188664733,1695.3203837957979,407.98039938094075,171.5791149267024,0
2025-07-01 01:47:00,47.03064317675148,1837.9018780948927,417.1311192310421,163.4250724198839,0
2025-07-01 01:48:00,45.41809910176089,1883.7870498235734,405.76066623545137,136.6169348547604,0
2025-07-01 01:49:00,49.4257296821477,1730.9972374325057,392.4931229714344,166.7377450501145,0
2025-07-01 01:50:00,41.917936144936284,1761.1827448110967,410.2890061094926,136.302462656065,0
2025-07-01 01:51:00,51.024181915496854,1762.2117065371308,426.07057154582907,165.56888074331746,0
2025-07-01 01:52:00,47.70063562725285,1867.292850329001,407.67713921493953,179.1804416214925,0
2025-07-01 01:53:00,45.66662786252354,1849.0906333631804,396.84287494376065,133.06537843379238,0
2025-07-01 01:54:00,34.65862480734678,1776.809490392361,372.4785447937494,149.3062315755572,0
2025-07-01 01:55:00,48.21988009843744,1880.3239540287693,398.6586143647759,160.3265271861831,0
2025-07-01 01:56:00,53.50885094788944,1681.4433790880396,375.3230400949969,142.40653671232215,0
2025-07-01 01:57:00,42.88710636616907,1808.4410936688064,411.14300937761266,136.9421000375562,0
2025-07-01 01:58:00,43.96948244758683,1890.2065015445169,376.067187086602,148.72155565673685,1
2025-07-01 01:59:00,41.17885663360353,1853.535994165507,419.6243384953078,162.82471385159644,0
2025-07-01 02:00:00,55.093234079602645,1836.96547114868,453.6377780363638,194.27915080841274,0
2025-07-01 02:01:00,57.345449020157176,1837.221818959182,449.7414273016349,164.86090593836474,0
2025-07-01 02:02:00,60.70888218151966,1855.412289755172,482.6828329428865,190.83237766679224,0
2025-07-01 02:03:00,62.759118375721656,1808.3725086421466,449.03590421492225,154.25447227456644,0
2025-07-01 02:04:00,61.66086135746087,1945.7408755869455,489.9296238046153,157.364029098676,0
2025-07-01 02:05:00,49.69028179234324,1870.3474894727856,442.7313893736907,186.03307949214215,1
2025-07-01 02:06:00,54.95171384502536,2041.8409874143003,473.6177179756087,160.6316869176249,0
2025-07-01 02:07:00,53.18459284719587,1761.6470383716296,468.071810540927,138.27711332059184,0
2025-07-01 02:08:00,41.382252377687095,1994.4473582146386,432.9101131075876,150.37463684511908,0
2025-07-01 02:09:00,49.88651047576168,1888.669327118098,452.93212075704895,124.15491035880541,0
2025-07-01 02:10:00,42.70337157860392,1904.889601466775,465.7818204319775,204.1308640640145,0
2025-07-01 02:11:00,62.28915755492261,1896.124384180639,488.9001978116875,190.56251901220224,0
2025-07-01 02:12:00,48.596773603585845,1802.9271953047285,461.61807671795196,151.20478489734575,1
2025-07-01 02:13:00,52.27260134086139,1777.1399090037014,478.7891201962135,173.52433146157205,0
2025-07-01 02:14:00,54.16121129929291,1949.3361560425226,429.6954693571664,177.03706466424413,0
2025-07-01 02:15:00,51.15842571889815,1804.8693340655593,458.55024528508295,168.42756346006385,0
2025-07-01 02:16:00,59.272310019730064,1878.0713830697703,432.41132677933604,158.6490878423005,0
2025-07-01 02:17:00,43.785777853340505,1850.183992949497,426.4300893741844,177.83226712850106,0
2025-07-01 02:18:00,71.43966090081668,2541.506376558922,840.7706734027502,209.7640045835762,1
2025-07-01 02:19:00,44.2917598564884,1891.885277526007,439.20954130294626,182.23333697010014,0
2025-07-01 02:20:00,46.72897338689948,1873.6534900345255,437.0712752259239,188.59574615261522,0
2025-07-01 02:21:00,43.97976731092566,1798.0522426597406,446.7710275262032,148.98692126578862,0
2025-07-01 02:22:00,51.84552134748899,1943.471456587385,445.5910238257374,173.12509183244543,0
2025-07-01 02:23:00,57.13941353423033,1980.9341895607683,470.59738772751007,147.25128999939338,0
2025-07-01 02:24:00,45.05327684279174,2063.6530594959236,447.2758447017012,156.13028012005591,0
2025-07-01 02:25:00,51.75600447539188,2038.094027163844,470.189959331673,180.7415964352501,0
2025-07-01 02:26:00,54.377403362865195,1984.0480965386053,433.7108488808468,156.85721331775017,0
2025-07-01 02:27:00,52.65345471593369,1937.152835532375,442.54048576279763,171.8211499413917,0
2025-07-01 02:28:00,40.03138970246903,2011.9903794355112,451.4601833810742,172.12642320746178,0
2025-07-01 02:29:00,52.05457458496571,1851.5987958369094,467.12211057702,187.57854325383138,0
2025-07-01 02:30:00,51.38699974945399,2075.054198257192,459.89839691272033,198.32313665184523,0
2025-07-01 02:31:00,45.97948362825606,1835.3834651552627,425.6137107636815,156.97143446744798,1
2025-07-01 02:32:00,45.925441507217215,1925.6772287902652,415.7590281398794,149.30402046510375,0
2025-07-01 02:33:00,57.94857316417958,1959.478681055049,478.1653379256001,141.2621448040005,1
2025-07-01 02:34:00,55.71381868995466,1734.0432718390437,449.8653687159078,180.08736264970062,0
2025-07-01 02:35:00,48.548613698095686,1792.0282324429947,425.72367649142257,157.88210780494177,0
2025-07-01 02:36:00,49.80372051794742,1827.631171626426,454.4444887274681,201.40319650452705,0
2025-07-01 02:37:00,47.562887907973625,1646.2086357797657,413.061035414604,126.96904843479204,0
2025-07-01 02:38:00,50.025261123293504,1883.5817025227605,469.6180832824841,152.0326706823937,0
2025-07-01 02:39:00,47.55258740835779,1876.9670723491884,462.1246002376102,179.987248936275,0
2025-07-01 02:40:00,55.99364428300498,1960.4437658164684,499.7617304913254,206.15969430268882,0
2025-07-01 02:41:00,49.083165695956,1880.3256979254916,458.77668364942156,156.8013449025828,0
2025-07-01 02:42:00,47.911752906587786,1943.1550282642775,467.75696985476947,145.4875986716708,0
2025-07-01 02:43:00,54.96073774475936,2031.550571895001,444.4365463652103,142.49424032389393,0
2025-07-01 02:44:00,48.41854471997809,1888.4014555881347,472.7745202829684,203.17942439072056,0
2025-07-01 02:45:00,47.65199616788991,1901.1913922354333,434.4132048859615,153.39093204039966,0
2025-07-01 02:46:00,45.72499974331584,1966.8970550769368,475.56704228010796,168.50582959341656,0
2025-07-01 02:47:00,46.34373729488936,1940.034253921436,448.88730654684787,155.61405635921633,0
2025-07-01 02:48:00,51.576416977114334,2069.0516468690744,478.09934202879384,170.50388486201032,0
2025-07-01 02:49:00,45.57400333214323,1934.3197438801965,423.26331872707027,190.281757943485,0
2025-07-01 02:50:00,49.10115041410244,2005.1653245146292,433.9390447233342,187.44806638517474,0
2025-07-01 02:51:00,41.12802692909129,1960.0982630743106,457.5538362388574,157.38434700073933,0
2025-07-01 02:52:00,44.73714239959006,1918.1317594499872,469.46227978061586,193.7771002455239,0
2025-07-01 02:53:00,53.4561758384349,1981.9036327434364,447.7205064830713,164.51090585226243,0
2025-07-01 02:54:00,59.46131514643046,1930.72993635171,470.26392044346125,161.7852195427173,0
2025-07-01 02:55:00,57.11146887666342,1687.4854238737792,477.74038934405587,185.47652911697656,0
2025-07-01 02:56:00,46.32829633040649,1987.2498862092023,447.9726779580736,172.506590168286,0
2025-07-01 02:57:00,55.00424187178742,1967.424325177242,445.6886221181004,159.79547151497124,0
2025-07-01 02:58:00,44.76570521667997,1841.7851342278702,454.727075641745,159.04783562675433,0
2025-07-01 02:59:00,55.67565521269644,1981.5714150774652,444.42153984430587,200.50953791887943,0
2025-07-01 03:00:00,52.31291678702949,2053.9499781874156,462.88797049908936,158.87044184992718,0
2025-07-01 03:01:00,53.695935413688375,2042.382577311711,514.8597201012913,162.2704862946414,0
2025-07-01 03:02:00,50.41703844534126,1981.29655193492,511.9280985478126,192.37162718368862,0
2025-07-01 03:03:00,60.61984873436823,2087.149623086644,499.34954180472994,166.46720963930275,0
2025-07-01 03:04:00,52.39564475621568,1885.0445224797402,446.7747451550036,147.33891513566977,0
2025-07-01 03:05:00,58.79253756106903,1957.4667049006737,492.44072888577756,174.93613750287957,0
2025-07-01 03:06:00,61.31015163044175,1838.336104706067,508.0594374540984,155.69885892822066,0
2025-07-01 03:07:00,79.6133395464281,2744.2929775378525,873.7122045073129,202.7463723830021,0
2025-07-01 03:08:00,51.732164046179776,1882.0045136706915,508.55455027147934,170.40325756280942,0
2025-07-01 03:09:00,48.185724484803714,1789.0107454524696,487.0700709026351,181.52323052261667,0
2025-07-01 03:10:00,53.520583268404714,1954.9521256719715,470.12141961467165,167.31712409510914,0
2025-07-01 03:11:00,57.64625445099842,1931.5183555904925,478.7217839700478,144.5676936335595,0
2025-07-01 03:12:00,52.251135019284376,1899.1601411181823,493.2241420186441,172.7372900936158,0
2025-07-01 03:13:00,65.97354540987594,2235.197882834353,548.82505109989,165.0692966977353,0
2025-07-01 03:14:00,64.06710463960552,2046.724979825557,492.9787452456432,203.43697032574212,0
2025-07-01 03:15:00,52.85694371948336,1954.6495073232365,491.3009041399369,183.81313677058037,0
2025-07-01 03:16:00,58.38786537379231,2029.5743634457983,510.94744592629604,191.21381694237485,0
2025-07-01 03:17:00,54.737210791528526,2016.6586413870168,524.2987694108516,150.13025822270197,0
2025-07-01 03:18:00,49.60886496071703,2027.3862170475104,486.1276816088195,181.66143010989202,0
2025-07-01 03:19:00,50.74759856938791,1955.5054949920268,474.5130866710188,177.1726495973456,0
2025-07-01 03:20:00,57.65181714867801,1727.9448191352178,490.57438389749734,157.30943769384416,0
2025-07-01 03:21:00,51.571408939622586,2009.514201738688,491.1742197008798,138.36258276299424,0
2025-07-01 03:22:00,52.54510791142456,2122.022866999806,502.0174908197747,165.83304179779537,0
2025-07-01 03:23:00,56.80422994051274,2126.3673509481296,494.0989902554691,161.18835666907452,0
2025-07-01 03:24:00,53.21066694204924,1969.9332428646005,507.5667211133577,189.9057055666928,0
2025-07-01 03:25:00,47.45884445724555,1935.6181631181666,469.1732581854537,163.39430480214,0
2025-07-01 03:26:00,57.28250144498023,2029.3700269616993,499.74813664814155,169.63605103283322,0
2025-07-01 03:27:00,57.43264525413314,1956.4810840016041,481.5025961232724,201.73192715868092,0
2025-07-01 03:28:00,53.148944015044826,2093.3252104067715,507.50186041008686,191.90944398203393,0
2025-07-01 03:29:00,57.67054627276818,2073.114641812873,496.8728044714946,168.34420392063203,0
2025-07-01 03:30:00,42.264584478797524,1970.8862409996852,505.8147774055787,179.24686926712528,0
2025-07-01 03:31:00,51.88817553986942,2071.8665286007595,506.8981876120902,192.62335574623222,0
2025-07-01 03:32:00,49.86959130027577,2017.5390328257579,473.7490747837065,162.75940994541025,0
2025-07-01 03:33:00,56.47994751921688,2173.1369026713382,515.1412547782073,155.36468556147022,0
2025-07-01 03:34:00,59.23004383486663,2024.8550686013039,524.9180826024755,133.64992862451152,0
2025-07-01 03:35:00,45.274206579402836,2070.874313527903,543.3084807944043,183.78099386460465,0
2025-07-01 03:36:00,86.855802940646,2718.728422212169,868.8775915816032,254.4354622723594,0
2025-07-01 03:37:00,60.400549136591195,2162.746359947284,485.45411045125496,203.8085184630401,0
2025-07-01 03:38:00,51.50184006724841,2064.8971306953035,476.4103532348508,186.84422943054423,0
2025-07-01 03:39:00,58.31213525345035,1993.645643518309,476.1546495674921,148.69618003419401,0
2025-07-01 03:40:00,66.12270808530664,1979.6443533101444,508.3146814063261,163.4225038048174,0
2025-07-01 03:41:00,59.218094324746986,1941.9661825386138,520.0609779294839,138.53515139880687,0
2025-07-01 03:42:00,49.81807450605952,2021.9666179698875,513.2968413194078,188.45625467878617,0
2025-07-01 03:43:00,50.32947991164485,1738.2813650365783,499.1925869963475,150.3757585044268,0
2025-07-01 03:44:00,60.40708187550163,1841.322792669744,495.17914889985497,186.3618014733192,0
2025-07-01 03:45:00,53.86411789215801,1901.4901151805934,482.02489205844574,137.53164967384026,0
2025-07-01 03:46:00,47.35362801435633,1977.3375336596525,473.5448638553527,164.04532215999978,0
2025-07-01 03:47:00,57.04725438478279,1962.6795643995881,469.415272666985,193.19909629132925,0
2025-07-01 03:48:00,46.84343858359224,2094.9406078582538,484.3229692943537,188.93349534526453,0
2025-07-01 03:49:00,45.143383382237914,1865.0360890163308,481.4217378633179,160.76077887221794,0
2025-07-01 03:50:00,58.33317133703336,1985.1768484215204,504.03573462025565,205.57055029075806,0
2025-07-01 03:51:00,50.95664078948209,1929.2474058773719,473.6993768535111,177.7824891893529,0
2025-07-01 03:52:00,47.905831652135,1853.2168252846127,459.6455811881509,198.3671876075375,0
2025-07-01 03:53:00,48.646376260280334,1768.307244995834,490.1255008093105,197.44290030563167,0
2025-07-01 03:54:00,51.870967709832435,2059.001289812433,489.1572366616837,197.4325383885799,0
2025-07-01 03:55:00,60.641342245922324,2110.22823639111,503.82999190782425,182.44573533943674,0
2025-07-01 03:56:00,62.02541892478409,2002.5815967821134,491.74024965808053,176.47877913409587,0
2025-07-01 03:57:00,54.62021914681185,1787.551025839967,481.7269362567763,180.17430429350105,1
2025-07-01 03:58:00,56.83175870924947,2085.1023644547345,473.30344358062547,216.924753879843,0
2025-07-01 03:59:00,52.38757651644699,2005.7027832869633,498.46377277309256,176.36247781893258,0
2025-07-01 04:00:00,63.8343395103596,1954.0454831091909,509.61701515983685,180.23702839550222,0
2025-07-01 04:01:00,58.67812001448379,2115.8816585628683,529.1642172457123,169.40247516796478,1
2025-07-01 04:02:00,45.99089758528414,1963.5057888583362,501.4754812634756,174.54361015946455,0
2025-07-01 04:03:00,60.438166715991784,2023.83491557,521.7705313124596,195.54916332441675,0
2025-07-01 04:04:00,45.223277817218246,1915.9881126301243,494.4433663052853,152.61758865957307,0
2025-07-01 04:05:00,56.573659019570755,1932.6478550617899,527.7711955266229,155.33945065191853,0
2025-07-01 04:06:00,54.72538874073156,2044.3989248260557,520.3391175986854,169.12121501458077,0
2025-07-01 04:07:00,56.511939198834945,2057.983837041743,540.8126503516099,178.01138531412926,0
2025-07-01 04:08:00,54.42006717314364,1928.111914051986,552.6816734653202,188.94564940012577,0
2025-07-01 04:09:00,57.611884046877584,1937.1148638156003,516.0239939784605,184.75208971790266,0
2025-07-01 04:10:00,61.00909503852331,1994.5655003729507,524.3642040560173,168.59329428130857,0
2025-07-01 04:11:00,51.734904601527255,2018.9618506590987,524.4575156249659,166.51220184873088,0
2025-07-01 04:12:00,65.27988693519916,2030.5888020691596,507.52750448860036,179.4266205826246,0
2025-07-01 04:13:00,58.48869924466966,1973.9778422945437,520.2982475643668,179.99074262001065,0
2025-07-01 04:14:00,53.035784840307784,2075.060177055369,535.5708710031699,176.22312654970182,0
2025-07-01 04:15:00,54.5567955360064,2069.3684743488857,558.2825546320763,146.3901662026788,0
2025-07-01 04:16:00,49.61724580213581,2075.378395314136,529.8796755540321,179.0883514279153,0
2025-07-01 04:17:00,62.134698085729205,2168.4155284807443,536.3395268180813,173.2100831181546,0
2025-07-01 04:18:00,57.17137298019057,1966.8123976016332,531.3208954060694,209.03180332515265,0
2025-07-01 04:19:00,61.286483986282526,2046.205789587073,529.7382123374672,160.3078576980038,0
2025-07-01 04:20:00,43.35394541369575,1955.5409923488387,498.4714938712497,192.27502426780777,0
2025-07-01 04:21:00,56.050409063152664,2030.5309366831423,499.7488746642595,182.05217664042965,0
2025-07-01 04:22:00,54.86598793267131,1917.3027395839135,535.704585558848,196.43580064920585,0
2025-07-01 04:23:00,48.11568753159954,2084.0271448767817,517.6207145737394,201.36260965184786,0
2025-07-01 04:24:00,53.78835229078116,2045.2105853630128,530.96606421071,160.25110004577135,0
2025-07-01 04:25:00,57.74128252253583,2014.9045697908614,525.9677874316984,144.0524388912755,1
2025-07-01 04:26:00,55.77432644090963,2189.610107069016,539.0295224696993,191.422022278377,0
2025-07-01 04:27:00,63.58268255679377,2194.324502253575,554.11771147149,169.70540159175934,0
2025-07-01 04:28:00,51.496610784342906,2185.2548678913126,522.8964160949033,165.58304543608028,0
2025-07-01 04:29:00,54.8231333575337,2155.767812193848,536.9282363669922,174.58844414666916,0
2025-07-01 04:30:00,56.69611593293831,2009.784528508514,488.6666588639091,157.570224949829,0
2025-07-01 04:31:00,53.67710237572648,2151.4717740138635,536.9323337397267,179.4778233415287,0
2025-07-01 04:32:00,53.70195674835136,1993.9732997196138,483.791764912398,196.39041764518288,0
2025-07-01 04:33:00,62.883573849840126,2132.142767569134,535.2352758340706,192.39717280701788,0
2025-07-01 04:34:00,53.2979131368051,2136.964549631859,523.4359087243338,168.96607276754543,0
2025-07-01 04:35:00,60.44042009547002,2089.8581240668914,540.575716046165,161.04697863732957,0
2025-07-01 04:36:00,62.53529586413332,2067.423391132477,512.212415134275,200.52203287375582,0
2025-07-01 04:37:00,43.80790288758416,1938.3049046455626,519.3628555977725,200.45314983914506,0
2025-07-01 04:38:00,56.90565771710708,1935.1203316951671,525.7600886276622,184.19409740356036,0
2025-07-01 04:39:00,56.982025746133274,1924.0369575320296,514.4404191015719,190.1041528791483,0
2025-07-01 04:40:00,67.01119151140853,2053.7418751455475,523.7495046817718,170.26486631461248,0
2025-07-01 04:41:00,46.45822276840853,2119.128810202213,501.6851676881562,177.6171936377783,0
2025-07-01 04:42:00,55.1912903482538,2229.674070828892,531.2332631535558,185.61669009065162,0
2025-07-01 04:43:00,46.01098689037714,1966.6947644811778,474.52249620599576,167.4656426521755,0
2025-07-01 04:44:00,58.73874026748605,2016.928120082618,491.34186671261244,190.87363153308266,0
2025-07-01 04:45:00,54.546862858267424,2280.0806271519577,503.49517127016475,175.4342590243176,0
2025-07-01 04:46:00,56.376947116766566,2104.3377332841856,526.5341972210825,188.55714342355327,0
2025-07-01 04:47:00,51.56020288032107,1885.2715603649478,551.3497606461474,148.47065799723129,0
2025-07-01 04:48:00,52.38038982869876,1996.7048975916787,499.8024602557713,165.3750837353975,0
2025-07-01 04:49:00,59.28929912629452,2050.9744693494013,538.0973910375106,179.4401070981573,0
2025-07-01 04:50:00,57.8013642498861,2202.3218472201715,554.5839644752186,195.25391729429833,0
2025-07-01 04:51:00,64.1690382309269,1955.000877092295,502.0728017914955,219.1287917992951,0
2025-07-01 04:52:00,54.656570763342984,1946.2911423327414,529.8915593351853,195.79338004677984,0
2025-07-01 04:53:00,54.80416438289944,2118.1291431269187,494.6286589396495,192.55922514079376,0
2025-07-01 04:54:00,53.30541125936466,1998.979149092798,517.9875873517094,193.6938718316253,0
2025-07-01 04:55:00,90.19412783838598,2801.9216825791254,901.78629727221,240.4861206756345,0
2025-07-01 04:56:00,51.38508026032135,2061.115654526976,519.6680436049894,174.80066309145838,0
2025-07-01 04:57:00,60.379855866425665,2093.7531157129242,516.0888293777873,146.63283831571982,0
2025-07-01 04:58:00,53.483985281192275,2131.5730752839213,495.845105022217,187.1676629280218,0
2025-07-01 04:59:00,54.62751159716262,1900.9452699051906,546.5902033272548,207.31221028526704,0
2025-07-01 05:00:00,57.50862524927862,2131.055570909052,592.7202790715835,210.7648267426636,0
2025-07-01 05:01:00,56.712859433674566,2142.797060606985,522.395666361961,186.52358900466638,0
2025-07-01 05:02:00,58.71065684614705,1967.1502481907592,497.0086944912978,184.00068125482977,0
2025-07-01 05:03:00,64.62080455729152,2004.1989327422593,530.5311126751812,158.67535636311356,0
2025-07-01 05:04:00,64.16869680037122,2136.378543895911,575.2627939242207,167.57743129470572,0
2025-07-01 05:05:00,58.49051489256794,2097.203085379181,545.2530386137829,165.23736190064636,0
2025-07-01 05:06:00,75.71046172524545,2913.8211472860335,934.9713879631734,231.2686013697256,0
2025-07-01 05:07:00,60.646180178996374,1961.305435541123,516.1769098389235,178.92352036808433,0
2025-07-01 05:08:00,67.60839407707324,2284.9488380769,595.3300114850397,181.00850549809476,0
2025-07-01 05:09:00,64.90104879715355,2107.2476163920496,526.7385422474754,152.61519289016724,0
2025-07-01 05:10:00,55.61750654074274,1963.2149335801923,569.509804331475,216.21817056952608,0
2025-07-01 05:11:00,56.35132304090846,2145.3207546359286,568.9797450695343,195.37516007171695,0
2025-07-01 05:12:00,59.31849780523068,2037.880775265582,555.1684944596292,180.27649986584652,0
2025-07-01 05:13:00,62.07018731157246,2190.7768704566884,549.7341239351017,207.324372584262,0
2025-07-01 05:14:00,57.12008675511757,2200.4639543537587,545.0015202001101,190.9293736385093,0
2025-07-01 05:15:00,61.49144167354234,2006.5918329933268,544.7272055556258,193.51944281392102,0
2025-07-01 05:16:00,56.62954112889152,2081.0145451385183,539.4778630331624,201.96930553389646,0
2025-07-01 05:17:00,61.22021414364737,2112.3954302854736,532.9090197129127,181.2190423337411,0
2025-07-01 05:18:00,68.66077818223499,2117.269795709141,581.6323317511113,203.2481550559276,0
2025-07-01 05:19:00,56.89925518924302,1924.3177366745695,538.3435971540442,194.9346509576289,0
2025-07-01 05:20:00,52.95884117563958,2129.8000403239926,547.4603345532407,178.03696904503116,0
2025-07-01 05:21:00,55.86824067936251,2217.481432565132,569.8333549297803,213.46668811499705,0
2025-07-01 05:22:00,56.109658304037254,2034.6992152036314,534.3815967394096,161.77987865861928,1
2025-07-01 05:23:00,55.9204800567508,2108.7010852040776,561.4770067144811,176.55524686545357,0
2025-07-01 05:24:00,47.122209691200595,2090.7561522744154,503.45023544519546,176.80980623997957,0
2025-07-01 05:25:00,59.199957951146,1952.2455891951226,561.3252178625369,179.3075533503884,0
2025-07-01 05:26:00,61.674393427111056,2156.8189933197123,581.8360591930249,165.1934648610301,0
2025-07-01 05:27:00,63.19593384940035,2201.1144089004074,611.849595833054,188.99176019855986,0
2025-07-01 05:28:00,48.0713680101636,2103.8687797557177,516.7248075667317,153.65135396880365,0
2025-07-01 05:29:00,53.33436585499268,2043.23895160784,537.4401891112487,167.40460323669717,0
2025-07-01 05:30:00,61.43170898399823,2138.9720497597264,537.5420144256937,186.3535269206413,0
2025-07-01 05:31:00,53.88576557051972,2030.754445063791,552.8737649489266,197.42309654965177,0
2025-07-01 05:32:00,50.51160633343173,2037.9795587709973,540.7645261718842,196.77954705138058,0
2025-07-01 05:33:00,58.91092798882965,2034.418537509744,543.8234732192312,202.88338255983322,0
2025-07-01 05:34:00,57.995657501959236,1954.4745558739667,531.0207923778243,154.81184779005594,0
2025-07-01 05:35:00,61.38230398435797,2109.110334535793,525.1380428730647,162.64863659291566,0
2025-07-01 05:36:00,55.29771229694724,2182.4144232563995,557.6442019125049,191.07926935313745,0
2025-07-01 05:37:00,61.18435280514607,2018.3637673891803,589.7829438376658,191.99835802641877,0
2025-07-01 05:38:00,59.30331671155459,2171.4285940096183,545.9685980528244,179.45172525719215,0
2025-07-01 05:39:00,62.64114252913009,2148.717470068725,547.9667253177141,181.2682862695977,0
2025-07-01 05:40:00,63.71914067320638,2132.039976736964,551.6714328277242,165.30609362997194,0
2025-07-01 05:41:00,50.44951881460172,2252.5656231406374,555.0591874559153,171.2582688364797,1
2025-07-01 05:42:00,56.49878274666884,1894.234109898245,499.30775809613357,151.44111708998548,0
2025-07-01 05:43:00,62.0518251668249,1959.5227961577398,548.0934722128577,195.87284797845376,0
2025-07-01 05:44:00,88.00175841322138,2795.836907267598,927.0297903853643,247.7065642276422,0
2025-07-01 05:45:00,58.786561688083054,2057.93680365595,523.3112293072867,142.84407661878336,0
2025-07-01 05:46:00,59.223367214151466,2025.9711271730378,560.551970458823,171.4824413104034,0
2025-07-01 05:47:00,61.421038533992636,1950.2065699227044,560.131131257348,200.17508173861847,0
2025-07-01 05:48:00,57.56887868548336,2173.454225824447,554.6394965048725,170.11357575290057,1
2025-07-01 05:49:00,43.70195443175536,2030.6429347681167,492.0591870331114,174.9239508748595,0
2025-07-01 05:50:00,52.64432248958871,2234.004624212429,562.9277436570007,183.4458316603773,0
2025-07-01 05:51:00,59.50689795822859,2087.8018265445153,545.8346358755967,161.6104890120745,0
2025-07-01 05:52:00,67.28883785687495,2191.450820159856,529.9803250073334,199.43915814895817,0
2025-07-01 05:53:00,61.448903237527134,2162.444451564634,545.0083195059378,173.3036494404568,0
2025-07-01 05:54:00,58.76876783789789,2011.880393712857,527.130511133673,213.93910644987326,1
2025-07-01 05:55:00,51.03232374566325,2068.083103357684,550.5666644670417,204.43381443332643,0
2025-07-01 05:56:00,61.18572826405327,1970.1617413066538,538.9443893109975,160.8005771976443,0
2025-07-01 05:57:00,59.340043137828445,2117.161530831428,560.2087111102339,204.77555961856862,0
2025-07-01 05:58:00,61.127123875200155,2214.4764065890786,573.7520813928743,189.00316669462615,0
2025-07-01 05:59:00,45.26631355942254,1949.139467176696,526.4833354557044,171.716449806084,0
2025-07-01 06:00:00,56.51594884466242,1982.149540967678,574.2495799907789,172.33347512827902,0
2025-07-01 06:01:00,53.12585140583007,2088.761566310257,562.0708129023674,163.3032969458915,0
2025-07-01 06:02:00,62.320812842776164,2200.9944852986728,564.3159002950711,182.18393305833777,0
2025-07-01 06:03:00,59.528198616603746,2034.961385761361,508.14404251550536,155.89060918107643,0
2025-07-01 06:04:00,67.88843824777035,1969.7100443686468,565.8220542310361,185.06890204220556,0
2025-07-01 06:05:00,55.869673553640055,2085.6131746543138,543.4009445218877,185.3014928103587,0
2025-07-01 06:06:00,65.40355356085486,2127.682875568131,539.4798228287359,167.08493690001595,0
2025-07-01 06:07:00,56.02235278129898,2063.0253580189446,555.6151746581389,185.32606654672227,0
2025-07-01 06:08:00,55.71462046830563,2372.9521254118754,563.4762986619643,153.5523365923842,0
2025-07-01 06:09:00,63.18618969819252,2023.300685169334,548.1000302689998,186.23946431272327,0
2025-07-01 06:10:00,59.8041900075212,2142.7596754546616,571.6588073675159,206.19382605552468,0
2025-07-01 06:11:00,58.71916144163215,2069.0311205427256,507.69236989756587,175.24634484483553,0
2025-07-01 06:12:00,54.74443241756584,1891.6492651422056,530.4752606257872,178.4585983708912,0
2025-07-01 06:13:00,62.955222909107654,2055.2770572713375,575.5964138153843,205.5933086862586,0
2025-07-01 06:14:00,63.251242376152334,2083.40886274476,558.0715654083286,163.46157850524133,0
2025-07-01 06:15:00,56.10165783671479,1895.1647963666135,537.5358347534263,164.46224465468754,0
2025-07-01 06:16:00,60.3855045711732,2041.0954402419804,522.4314279837486,160.52395333624173,0
2025-07-01 06:17:00,66.27957224281495,2097.0156665218683,570.7587806284232,176.00395028975413,0
2025-07-01 06:18:00,60.04580867304401,2025.3007365008123,563.1632916753208,187.77975856762305,0
2025-07-01 06:19:00,55.8653256159704,2038.8496232935443,547.9118936379897,194.78324703924153,0
2025-07-01 06:20:00,65.73434017896807,2295.333125580638,594.3591912490857,174.97712370645627,0
2025-07-01 06:21:00,51.00330321577187,2053.29384139827,529.1245846137494,170.2125477797828,1
2025-07-01 06:22:00,60.44475573208548,2035.8337086554773,573.0717132239273,157.23138164357118,0
2025-07-01 06:23:00,62.17767468911284,2236.3118842906965,568.165079653773,182.28416432312585,0
2025-07-01 06:24:00,62.18246630028509,2241.3248117936655,566.4950589789388,203.5498584072605,0
2025-07-01 06:25:00,51.97638606728418,2131.9966260882625,547.0348388156685,196.1686096385961,0
2025-07-01 06:26:00,56.10296394120334,2070.3218832651346,547.9108267330876,181.983119963465,0
2025-07-01 06:27:00,51.680503244408094,2070.174826156394,546.2507793679302,215.97252043814277,1
2025-07-01 06:28:00,54.00674736442657,2164.9924928463197,544.5397260077496,176.2588604281961,0
2025-07-01 06:29:00,52.23793269735105,1982.2663242582214,545.7305086894876,170.95193406067273,0
2025-07-01 06:30:00,59.90617873116504,2195.8270394627034,523.9147918207002,175.12388001978198,0
2025-07-01 06:31:00,55.546947294581166,2109.942747158438,551.0941613152688,212.95065794893878,1
2025-07-01 06:32:00,62.70261729429645,2156.6831176061414,543.0214418211655,166.4934663144174,0
2025-07-01 06:33:00,56.828867859635636,2176.7316162328925,544.3437911995574,214.9390095737751,0
2025-07-01 06:34:00,60.661661229455014,1993.3505382603062,565.0793742065641,145.9861688262285,0
2025-07-01 06:35:00,59.43516633284816,1957.7279224719882,537.2943762173389,172.55104545795294,0
2025-07-01 06:36:00,60.48854991653925,1967.499524327166,557.5787860384638,176.14394644148578,0
2025-07-01 06:37:00,65.87238289055736,2307.478187861821,564.3170208306757,200.1616193434317,0
2025-07-01 06:38:00,57.350909451975994,2085.722188277163,527.9873898474938,161.57341420362087,0
2025-07-01 06:39:00,48.38279086786419,2239.031519791898,549.0388972198979,188.3493272801106,0
2025-07-01 06:40:00,53.05636173147931,2090.77319006178,549.1647249650075,129.91610204330422,1
2025-07-01 06:41:00,57.97846049352629,2061.650584171064,576.6463799884068,174.84307884475328,0
2025-07-01 06:42:00,49.204658895679714,2215.011276184668,524.8128892862787,201.21391064033133,0
2025-07-01 06:43:00,52.502685112350115,2094.461232336333,565.7182898431316,177.338105911266,0
2025-07-01 06:44:00,58.3658270564788,2077.61884934214,532.9630486596068,176.21623334615123,0
2025-07-01 06:45:00,59.69233768943827,2073.1806141326247,552.0050467705544,193.0773643798472,0
2025-07-01 06:46:00,53.64099091821038,2251.0430223285953,571.7094972885832,202.6163174367362,0
2025-07-01 06:47:00,55.79425805547201,2122.3314872894002,557.8251875884713,187.43066999390794,0
2025-07-01 06:48:00,60.288046342342554,2075.676188661953,532.3969806575177,189.80583801213726,1
2025-07-01 06:49:00,65.14727128845604,2092.8203743757854,548.2017836976129,190.2891428494984,0
2025-07-01 06:50:00,57.18706311552482,2135.3881506338903,564.3135496931911,170.5337815090325,0
2025-07-01 06:51:00,47.984919832497596,1980.732787894783,541.4938870043794,199.26053238862056,0
2025-07-01 06:52:00,54.8684460052434,2024.8773915217866,548.7823002823097,173.01058159088993,0
2025-07-01 06:53:00,57.14958447252865,2111.562564447798,538.9912984622101,165.25669979123356,0
2025-07-01 06:54:00,57.699467912054445,2123.545907010094,552.8480080572372,180.29563961175197,0
2025-07-01 06:55:00,64.87493929311741,2153.9565035754345,555.0966540586558,202.2401778223269,0
2025-07-01 06:56:00,51.98410815430434,2100.5330916414005,561.612010457987,168.50634459034973,0
2025-07-01 06:57:00,53.85455081481124,1976.9682865226657,517.1750314191286,192.45410428831275,0
2025-07-01 06:58:00,58.13221134238748,2240.874512373345,541.3049972128418,198.7479870280891,0
2025-07-01 06:59:00,55.40337429709544,2000.5169818135096,557.7321955381568,186.32716750217674,0
2025-07-01 07:00:00,60.41170065970496,2122.914389862988,543.2745875977936,182.13784768287988,0
2025-07-01 07:01:00,43.62123948429355,2098.7443244060655,500.16947718962825,150.86518085206103,0
2025-07-01 07:02:00,62.128486209402055,1853.8032332716357,583.001701802441,195.4783951695248,0
2025-07-01 07:03:00,54.36975237693422,2190.642153854741,568.4681910417812,185.00473833737314,0
2025-07-01 07:04:00,57.8619168384766,2243.568028340991,567.4112596162407,193.2294872345803,0
2025-07-01 07:05:00,52.81875538579793,2361.904361325432,572.5876802759378,217.67590357213376,0
2025-07-01 07:06:00,58.37370132304639,2103.0601001726277,543.4103737628159,180.7440837188883,0
2025-07-01 07:07:00,55.70517448940175,2161.06514681134,540.1559248546139,165.62035355306725,0
2025-07-01 07:08:00,54.85944666487451,2151.1283906340377,544.2627726318667,189.15261018192598,0
2025-07-01 07:09:00,52.332863206235615,2112.703993279985,502.44086968023345,193.26145122056928,0
2025-07-01 07:10:00,53.54292680252972,2189.9259419471623,526.845617734433,146.81842570032296,0
2025-07-01 07:11:00,58.47224208301836,2126.010015851491,558.7866317055024,177.70624545274876,0
2025-07-01 07:12:00,52.62894396748342,2157.5590325399403,535.2459222847791,164.5370796618329,0
2025-07-01 07:13:00,62.41100007202786,2135.393245250603,531.9233514736537,204.28866346002803,0
2025-07-01 07:14:00,56.449711935139426,2222.4591274983545,568.7716576215711,197.4695754409717,0
2025-07-01 07:15:00,62.108396491843315,2067.231245119193,539.4833459188502,153.96586230150695,0
2025-07-01 07:16:00,58.69148980507516,2065.4801484193677,538.2862633169462,179.24919000260633,0
2025-07-01 07:17:00,58.76541909475875,1901.5262270073085,553.1810686099558,168.17432606013332,0
2025-07-01 07:18:00,62.33492390712581,2076.7556918207815,563.8441454302078,202.11642149426947,0
2025-07-01 07:19:00,55.34288315529636,2081.832904573626,526.6794985274286,172.8619223112102,0
2025-07-01 07:20:00,53.292966118449456,2161.3807276727866,531.2227296395454,173.64355341486728,0
2025-07-01 07:21:00,51.04005735518203,2029.2122989215318,551.8047678686787,162.70590532980674,0
2025-07-01 07:22:00,55.97034410967961,2023.5083177266679,550.4958639635483,192.3655537572936,0
2025-07-01 07:23:00,57.612093823347564,2067.270877913052,551.2482535116751,196.05652657179752,0
2025-07-01 07:24:00,52.35336910580892,2049.567089618783,492.5193457116696,179.99764255485834,0
2025-07-01 07:25:00,50.0566617586162,2024.563363275316,517.9401822034731,175.00179832070577,0
2025-07-01 07:26:00,64.19820739466458,2205.663813083722,558.4188820893709,167.90429447590603,0
2025-07-01 07:27:00,67.35212805991664,2066.1332389103964,553.0704849623199,179.17384210896418,0
2025-07-01 07:28:00,56.90877194513778,2105.1494101528106,548.7719386083018,186.32817864221374,0
2025-07-01 07:29:00,62.71392621631018,2111.383137985369,523.2888200580335,168.47853416645316,0
2025-07-01 07:30:00,66.6688024969742,2195.7303377572375,565.0201021032965,172.21741978399783,0
2025-07-01 07:31:00,53.59548812129825,2199.700505790793,522.7771735466172,146.06837382701605,0
2025-07-01 07:32:00,53.58850639679294,2142.4859211285207,553.9458752268857,176.48907304090176,0
2025-07-01 07:33:00,62.61580339677761,2106.5163637141227,499.23974441093617,157.51987768868628,0
2025-07-01 07:34:00,57.564281687126076,2132.738085201308,531.4347444402973,160.55750010201993,0
2025-07-01 07:35:00,57.45833176533014,2104.0289520901297,551.4327374720166,191.94544114931924,0
2025-07-01 07:36:00,60.53398894300847,2070.797754758187,530.6322309782196,202.01714257945594,0
2025-07-01 07:37:00,58.63333684412046,1872.2683081652044,505.54086536538614,178.1082517657566,0
2025-07-01 07:38:00,53.973251693732365,2187.5232595692933,565.8682836174119,164.89983269636718,0
2025-07-01 07:39:00,56.325298137269286,2029.67050191184,508.5222742174525,211.52716323123536,1
2025-07-01 07:40:00,59.327416776144574,1981.7971871725615,553.0873520227677,165.295441719023,0
2025-07-01 07:41:00,52.233503642637196,2011.73612349755,537.523623533192,202.75257012559595,0
2025-07-01 07:42:00,66.1667232243249,2165.034615774613,563.7252631434509,184.21337066510378,0
2025-07-01 07:43:00,55.78320110788255,2224.718860584607,564.4850434716259,186.23093902589306,0
2025-07-01 07:44:00,62.74385072442152,2087.3371825996023,567.4996105796143,173.67078556650947,0
2025-07-01 07:45:00,57.34954826862368,1804.3065608762777,530.166112430711,158.1666663127134,0
2025-07-01 07:46:00,48.95586224644825,1987.2647810901585,540.9318190987367,176.91001252691547,0
2025-07-01 07:47:00,63.005594776222296,2188.958829804257,524.0994249759596,194.800778102853,0
2025-07-01 07:48:00,88.08654742982931,2876.144588715052,917.530238586565,238.02389850896392,0
2025-07-01 07:49:00,62.47178138816935,2080.7761278142534,578.9081629777152,211.15799574890724,0
2025-07-01 07:50:00,47.23362988363387,2091.2943301732516,520.8373805830098,212.7451834732872,1
2025-07-01 07:51:00,56.22902220624754,2215.7335499042815,565.9990229063842,164.67255161294423,0
2025-07-01 07:52:00,52.09304010967534,2306.7762967576828,529.3839293431056,195.20712294687675,0
2025-07-01 07:53:00,54.00501207380787,2076.6085225548727,516.0307600485039,167.1226172666221,0
2025-07-01 07:54:00,55.521226207358545,1917.783423754935,512.2492981207529,151.70296127698188,0
2025-07-01 07:55:00,55.93851555443399,2216.5073091976765,562.2992131974341,183.62568846278924,0
2025-07-01 07:56:00,59.654128546515366,2113.278556645869,573.1658974504596,214.24886268208658,0
2025-07-01 07:57:00,56.088822960981474,2275.5314213866345,564.3943364749766,164.02857310051624,0
2025-07-01 07:58:00,87.989677096503,2923.28022723173,949.1264686740891,262.56901323364406,0
2025-07-01 07:59:00,53.26136387099471,1980.2494384988238,524.5265762068428,166.66026421915944,0
2025-07-01 08:00:00,61.599014535216405,2061.032489134813,522.3920137567931,191.48212367121974,0
2025-07-01 08:01:00,61.25432593773739,1811.4679677790637,491.14135317851316,201.94071208101715,0
2025-07-01 08:02:00,57.476791433066516,1996.6521220283366,543.9854645030412,178.0804176927937,0
2025-07-01 08:03:00,59.884391922083985,1961.7416814691276,514.0078859644261,157.22013036843327,0
2025-07-01 08:04:00,61.08245928418399,2174.6545738592226,506.3284071296072,160.3764890934948,0
2025-07-01 08:05:00,79.23844660792405,3019.0372075968767,941.0271955876858,266.2415318323422,1
2025-07-01 08:06:00,56.40070836352207,1894.4656876261681,514.6360525906631,207.63381133083604,0
2025-07-01 08:07:00,61.20726292568587,2087.0736338822885,527.5324641389353,195.4409511595858,0
2025-07-01 08:08:00,63.78699972535645,1997.292563755972,532.287365310069,161.70738821929143,0
2025-07-01 08:09:00,59.662367878203504,2121.9204354324534,541.5523709043108,208.7903463113566,0
2025-07-01 08:10:00,58.245175857398536,2070.818848154267,543.0871361839485,193.5191970429136,0
2025-07-01 08:11:00,58.77106083121775,2067.124923312909,517.8401684463266,186.01227533011405,0
2025-07-01 08:12:00,63.100436620296364,1978.9785828768197,531.8228503074209,185.95407839479392,0
2025-07-01 08:13:00,63.244790039524894,2116.2475662474094,554.5087752823754,171.96425769135018,0
2025-07-01 08:14:00,59.9473833493979,2161.3613338480986,547.4111990449047,190.385619175746,0
2025-07-01 08:15:00,61.54079654129924,1922.3017012674823,530.5841725874207,187.3494387922285,0
2025-07-01 08:16:00,60.68042993794404,1863.8735984674486,517.4983640138182,189.9372277296904,0
2025-07-01 08:17:00,51.452300048787976,2003.0834274704066,512.3288271047543,188.94317317549098,0
2025-07-01 08:18:00,55.91366456108268,2113.9340365613602,565.8823037038903,201.55282523713217,0
2025-07-01 08:19:00,59.804304028124406,2185.545862882669,536.2089921736233,149.90376441752414,0
